{"Time" : {"frame" : 199,"time" : 35.9194,"dt" : 0.177088,"fixed_Time" : 3.31666,"fixed_dt" : 0.0166667},"mesh" : {"Tetra10" : 192,"vertices" : 425},"vtk_file" : "assets/2_Tetra10_8_2_2_4x1x1_199.vtk","rotation_error" : {"rot_max" : 180,"beam_lenght" : 4,"distance" : [0,0.125805,0.25032,0.375193,0.500127,0.625311,0.74983,0.873754,1],"angles" : [0,21.5534,44.4868,67.3426,90.0996,112.89,135.66,158.571,180]}}