{"Time" : {"frame" : 199,"time" : 35.9194,"dt" : 0.177088,"fixed_Time" : 3.31666,"fixed_dt" : 0.0166667},"mesh" : {"Tetra20" : 80,"vertices" : 573},"vtk_file" : "assets/6_Tetra20_4_2_2_4x1x1_199.vtk","rotation_error" : {"rot_max" : 180,"beam_lenght" : 4,"distance" : [0,0.249751,0.49983,0.750009,1],"angles" : [0,44.5682,90.0882,135.666,180]}}