{"Time" : {"frame" : 199,"time" : 35.9194,"dt" : 0.177088,"fixed_Time" : 3.31666,"fixed_dt" : 0.0166667},"mesh" : {"Tetra10" : 160,"vertices" : 393},"vtk_file" : "assets/5_Tetra10_8_2_2_4x1x1_199.vtk","rotation_error" : {"rot_max" : 180,"beam_lenght" : 4,"distance" : [0,0.125451,0.249893,0.375159,0.500129,0.625361,0.750283,0.874728,1],"angles" : [0,21.5516,44.6865,67.5601,90.3359,113.012,135.851,158.591,180]}}