{
  "flexion_error": {
    "error": 0.00039715,
    "p": [ 3.91736, -0.28842, 0.503786 ],
    "target": [ 3.92212, -0.269443, 0.500002 ]
  },
  "mesh": {
    "Tetra20": 72,
    "vertices": 490
  },
  "Time": {
    "frame": 360,
    "time": 19.0249,
    "dt": 0.0504435,
    "fixed_Time": 6.00002,
    "fixed_dt": 0.0166667
  },
  "vtk_file": "assets/vtk/Flexion_Tetra20_3_2_2.vtk",
  "XPBD_FEM_Dynamic": {
    "mean_cost": 25.3422,
    "material": "Stable Neo-Hooke",
    "poisson": 0.4,
    "young": 5e+06,
    "iteration": 1,
    "sub_itetrations": 50,
    "density": 1000
  }
}