{
  "flexion_error": {
    "error": 0.00440591,
    "p": [ 3.93489, -0.207808, 0.478931 ],
    "target": [ 3.92212, -0.269443, 0.500002 ]
  },
  "mesh": {
    "Tetra": 12288,
    "vertices": 2673
  },
  "Time": {
    "frame": 361,
    "time": 315.637,
    "dt": 0.906183,
    "fixed_Time": 6.01669,
    "fixed_dt": 0.0166667
  },
  "vtk_file": "assets/vtk/Flexion_Tetra_32_8_8.vtk",
  "XPBD_FEM_Dynamic": {
    "mean_cost": 436.872,
    "material": "Stable Neo-Hooke",
    "poisson": 0.4,
    "young": 5e+06,
    "iteration": 1,
    "sub_itetrations": 50,
    "density": 1000
  }
}