{
  "flexion_error": {
    "error": 7.64493e-06,
    "p": [ 3.92195, -0.267811, 0.497777 ],
    "target": [ 3.92212, -0.269443, 0.500002 ]
  },
  "mesh": {
    "Tetra10": 192,
    "vertices": 425
  },
  "Time": {
    "frame": 361,
    "time": 18.6077,
    "dt": 0.0476146,
    "fixed_Time": 6.01669,
    "fixed_dt": 0.0166667
  },
  "vtk_file": "assets/vtk/Flexion_Tetra10_8_2_2.vtk",
  "XPBD_FEM_Dynamic": {
    "mean_cost": 24.7703,
    "material": "Stable Neo-Hooke",
    "poisson": 0.4,
    "young": 5e+06,
    "iteration": 1,
    "sub_itetrations": 50,
    "density": 1000
  }
}