{
  "flexion_error": {
    "error": 0,
    "p": [ 3.92212, -0.269443, 0.500002 ],
    "target": [ 0, 0, 0]
  },
  "mesh": {
    "Hexa": 16384,
    "vertices": 18785
  },
  "Time": {
    "frame": 361,
    "time": 1254.81,
    "dt": 3.28962,
    "fixed_Time": 6.01669,
    "fixed_dt": 0.0166667
  },
  "vtk_file": "assets/vtk/Flexion_Hexa_64_16_16_ref.vtk"
}