{
  "mesh": {
    "Tetra10": 1280,
    "vertices": 2417
  },
  "rotation_error": {
    "rot_max": 180,
    "beam_lenght": 4,
    "distance": [ 0, 0.03125, 0.0625, 0.09375, 0.125, 0.15625, 0.1875, 0.21875, 0.25, 0.28125, 0.3125, 0.34375, 0.375, 0.40625, 0.4375, 0.46875, 0.5, 0.53125, 0.5625, 0.59375, 0.625, 0.65625, 0.6875, 0.71875, 0.75, 0.78125, 0.8125, 0.84375, 0.875, 0.90625, 0.9375, 0.96875, 1 ],
    "angles": [ 0, 4.73942, 10.1749, 16.0073, 21.8162, 27.5311, 33.2431, 38.9399, 44.6122, 50.2839, 55.971, 61.6575, 67.3243, 72.9888, 78.6699, 84.3542, 90.0201, 95.6847, 101.366, 107.051, 112.719, 118.382, 124.064, 129.75, 135.419, 141.088, 146.779, 152.487, 158.195, 164.001, 169.825, 175.258, 180 ]
  },
  "Time": {
    "frame": 240,
    "time": 84.3121,
    "dt": 0.344028,
    "fixed_Time": 4,
    "fixed_dt": 0.0166667
  },
  "vtk_file": "assets/Torsion_Tetra10_16_4_4.vtk",
  "XPBD_FEM_Dynamic": {
    "mean_cost": 174.476,
    "material": "Stable Neo-Hooke",
    "poisson": 0.35,
    "young": 1e+06,
    "iteration": 1,
    "sub_itetrations": 50,
    "density": 1000
  }
}