{"Time" : {"frame" : 240,"time" : 20.7234,"dt" : 0.0772973,"fixed_Time" : 4,"fixed_dt" : 0.0166667},"mesh" : {"Hexa" : 256,"vertices" : 425},"XPBD_FEM_Dynamic" : {"mean_cost" : 42.4023,"material" : "Stable Neo-Hooke","poisson" : 0.35,"young" : 1e+06,"iteration" : 1,"sub_itetrations" : 50,"density" : 1000},"vtk_file" : "assets/Torsion_Hexa_16_4_4.vtk","rotation_error" : {"rot_max" : 180,"beam_lenght" : 4,"distance" : [0,0.0625,0.125,0.1875,0.25,0.3125,0.375,0.4375,0.5,0.5625,0.625,0.6875,0.75,0.8125,0.875,0.9375,1],"angles" : [0,10.1489,21.8544,33.2859,44.6416,55.98,67.3179,78.6545,89.9998,101.341,112.686,124.037,135.379,146.719,158.143,169.857,180]}}