{
    "Time": {
        "frame": 240,
        "time": 24.8407,
        "dt": 0.0959774,
        "fixed_Time": 4,
        "fixed_dt": 0.0166667
    },
    "mesh": {
        "Tetra": 1536,
        "vertices": 425
    },
    "XPBD_FEM_Dynamic": {
        "mean_cost": 51.3062,
        "material": "Stable Neo-Hooke",
        "poisson": 0.35,
        "young": 1e+06,
        "iteration": 1,
        "sub_itetrations": 50,
        "density": 1000
    },
    "vtk_file": "assets/Torsion_Bad_MeshTetra_16_4_4.vtk",
    "rotation_error": {
        "rot_max": 180,
        "beam_lenght": 4,
        "distance": [
            0,
            0.0625,
            0.125,
            0.1875,
            0.25,
            0.3125,
            0.375,
            0.4375,
            0.5,
            0.5625,
            0.625,
            0.6875,
            0.75,
            0.8125,
            0.875,
            0.9375,
            1
        ],
        "angles": [
            0,
            8.97782,
            19.5507,
            30.448,
            41.4353,
            52.4551,
            63.5073,
            74.6569,
            85.959,
            97.4064,
            109.069,
            120.924,
            132.881,
            144.95,
            157.021,
            168.899,
            180
        ]
    }
}