{"Time" : {"frame" : 240,"time" : 15.1537,"dt" : 0.0566997,"fixed_Time" : 4,"fixed_dt" : 0.0166667},"mesh" : {"Tetra20" : 80,"vertices" : 573},"XPBD_FEM_Dynamic" : {"mean_cost" : 30.4532,"material" : "Stable Neo-Hooke","poisson" : 0.35,"young" : 1e+06,"iteration" : 1,"sub_itetrations" : 50,"density" : 1000},"vtk_file" : "assets/Torsion_Tetra20_4_2_2.vtk","rotation_error" : {"rot_max" : 180,"beam_lenght" : 4,"distance" : [0,0.0833333,0.166667,0.25,0.333333,0.416667,0.5,0.583333,0.666667,0.75,0.833333,0.916667,1],"angles" : [0,13.9623,29.0187,44.4338,59.6444,74.766,90.0242,105.253,120.358,135.544,150.973,166.031,180]}}