{"Time" : {"frame" : 240,"time" : 26.4871,"dt" : 0.0901689,"fixed_Time" : 4,"fixed_dt" : 0.0166667},"mesh" : {"Tetra" : 1280,"vertices" : 425},"XPBD_FEM_Dynamic" : {"mean_cost" : 53.255,"material" : "Stable Neo-Hooke","poisson" : 0.35,"young" : 1e+06,"iteration" : 1,"sub_itetrations" : 50,"density" : 1000},"vtk_file" : "assets/Torsion_Tetra_16_4_4.vtk","rotation_error" : {"rot_max" : 180,"beam_lenght" : 4,"distance" : [0,0.0625,0.125,0.1875,0.25,0.3125,0.375,0.4375,0.5,0.5625,0.625,0.6875,0.75,0.8125,0.875,0.9375,1],"angles" : [0,10.8972,21.9142,33.3223,44.6631,56.0038,67.3293,78.6637,89.9933,101.337,112.667,124.016,135.346,146.695,158.092,169.108,180]}}