{"Time" : {"frame" : 240,"time" : 12.4038,"dt" : 0.0512096,"fixed_Time" : 4,"fixed_dt" : 0.0166667},"mesh" : {"Tetra10" : 192,"vertices" : 425},"XPBD_FEM_Dynamic" : {"mean_cost" : 25.4334,"material" : "Stable Neo-Hooke","poisson" : 0.35,"young" : 1e+06,"iteration" : 1,"sub_itetrations" : 50,"density" : 1000},"vtk_file" : "assets/Torsion_Bad_MeshTetra10_8_2_2.vtk","rotation_error" : {"rot_max" : 180,"beam_lenght" : 4,"distance" : [0,0.0625,0.125,0.1875,0.25,0.3125,0.375,0.4375,0.5,0.5625,0.625,0.6875,0.75,0.8125,0.875,0.9375,1],"angles" : [0,10.3604,21.6882,33.167,44.5377,55.9972,67.3398,78.7619,90.0588,101.506,112.852,124.239,135.524,147.008,158.468,169.654,180]}}