{"Time" : {"frame" : 240,"time" : 1253.21,"dt" : 5.00135,"fixed_Time" : 4,"fixed_dt" : 0.0166667},"mesh" : {"Hexa" : 16384,"vertices" : 18785},"XPBD_FEM_Dynamic" : {"mean_cost" : 2606.27,"material" : "Stable Neo-Hooke","poisson" : 0.35,"young" : 1e+06,"iteration" : 1,"sub_itetrations" : 50,"density" : 1000},"vtk_file" : "assets/Torsion_Hexa_64_16_16.vtk","rotation_error" : {"rot_max" : 180,"beam_lenght" : 4,"distance" : [0,0.015625,0.03125,0.046875,0.0625,0.078125,0.09375,0.109375,0.125,0.140625,0.15625,0.171875,0.1875,0.203125,0.21875,0.234375,0.25,0.265625,0.28125,0.296875,0.3125,0.328125,0.34375,0.359375,0.375,0.390625,0.40625,0.421875,0.4375,0.453125,0.46875,0.484375,0.5,0.515625,0.53125,0.546875,0.5625,0.578125,0.59375,0.609375,0.625,0.640625,0.65625,0.671875,0.6875,0.703125,0.71875,0.734375,0.75,0.765625,0.78125,0.796875,0.8125,0.828125,0.84375,0.859375,0.875,0.890625,0.90625,0.921875,0.9375,0.953125,0.96875,0.984375,1],"angles" : [0,1.87092,4.59235,7.46045,10.3623,13.2636,16.1541,19.0322,21.8992,24.7575,27.6086,30.4548,33.2977,36.138,38.9765,41.8137,44.6502,47.4856,50.3208,53.1556,55.9904,58.8246,61.6591,64.4933,67.3275,70.1615,72.9955,75.8297,78.6637,81.4976,84.3318,87.1658,89.9999,92.8344,95.6682,98.5023,101.336,104.17,107.006,109.841,112.676,115.511,118.345,121.181,124.015,126.85,129.685,132.52,135.357,138.194,141.032,143.871,146.712,149.555,152.401,155.252,158.111,160.979,163.858,166.749,169.651,172.555,175.425,178.146,180]}}