{
  "flexion_error": {
    "rot_max": 180,
    "beam_lenght": 4,
    "distance": [ 0, 0.015625, 0.03125, 0.046875, 0.0625, 0.078125, 0.09375, 0.109375, 0.125, 0.140625, 0.15625, 0.171875, 0.1875, 0.203125, 0.21875, 0.234375, 0.25, 0.265625, 0.28125, 0.296875, 0.3125, 0.328125, 0.34375, 0.359375, 0.375, 0.390625, 0.40625, 0.421875, 0.4375, 0.453125, 0.46875, 0.484375, 0.5, 0.515625, 0.53125, 0.546875, 0.5625, 0.578125, 0.59375, 0.609375, 0.625, 0.640625, 0.65625, 0.671875, 0.6875, 0.703125, 0.71875, 0.734375, 0.75, 0.765625, 0.78125, 0.796875, 0.8125, 0.828125, 0.84375, 0.859375, 0.875, 0.890625, 0.90625, 0.921875, 0.9375, 0.953125, 0.96875, 0.984375, 1 ],
    "angles": [ 0, 1.65498, 4.38829, 7.31438, 10.2687, 13.2096, 16.1287, 19.0273, 21.9085, 24.7766, 27.6353, 30.4863, 33.3339, 36.1782, 39.0199, 41.8614, 44.701, 47.5383, 50.3756, 53.2129, 56.0477, 58.8823, 61.7182, 64.5522, 67.3846, 70.2166, 73.0471, 75.8752, 78.7024, 81.5297, 84.3577, 87.1871, 90.0178, 92.8507, 95.6839, 98.5174, 101.35, 104.184, 107.018, 109.852, 112.688, 115.522, 118.353, 121.183, 124.016, 126.851, 129.685, 132.518, 135.352, 138.188, 141.026, 143.864, 146.703, 149.544, 152.393, 155.248, 158.115, 160.993, 163.889, 166.805, 169.743, 172.694, 175.616, 178.347, 180 ],
    "errors": [ 0, 1.15752, 1.23671, 1.12312, 0.981331, 0.852916, 0.746328, 0.660164, 0.591482, 0.535864, 0.489714, 0.451202, 0.416054, 0.384266, 0.355057, 0.32613, 0.299011, 0.274155, 0.249409, 0.224648, 0.202316, 0.18021, 0.15683, 0.135262, 0.115433, 0.0958557, 0.0779266, 0.0622787, 0.0476379, 0.0328293, 0.0172729, 0.00037384, 0.0178452, 0.0382004, 0.0588684, 0.0799103, 0.100136, 0.121269, 0.143082, 0.164017, 0.187531, 0.209579, 0.227661, 0.245628, 0.26561, 0.288307, 0.31012, 0.330399, 0.351959, 0.375641, 0.401047, 0.426605, 0.452759, 0.48172, 0.517578, 0.560974, 0.614868, 0.680649, 0.763657, 0.867905, 0.993195, 1.13101, 1.24129, 1.15912, 1.52588e-05 ]
  },
  "mesh": {
    "Hexa": 16384,
    "vertices": 18785
  },
  "Time": {
    "frame": 240,
    "time": 869.802,
    "dt": 3.78828,
    "fixed_Time": 4,
    "fixed_dt": 0.0166667
  },
  "vtk_file": "assets/Torsion_Hexa_64_16_16.vtk"
}