{
  "flexion_error": {
    "rot_max": 180,
    "beam_lenght": 4,
    "distance": [ 0, 0.0625, 0.125, 0.1875, 0.25, 0.3125, 0.375, 0.4375, 0.5, 0.5625, 0.625, 0.6875, 0.75, 0.8125, 0.875, 0.9375, 1 ],
    "angles": [ 0, 8.12023, 17.6355, 27.6022, 37.8996, 48.4442, 59.2895, 70.3923, 81.8946, 93.6826, 105.722, 118.002, 130.369, 142.735, 154.912, 167.076, 180 ],
    "errors": [ 0, 3.12977, 4.86452, 6.14784, 7.10036, 7.80581, 8.21048, 8.35774, 8.10537, 7.56736, 6.77774, 5.74848, 4.63138, 3.5146, 2.58752, 1.67406, 1.52588e-05 ]
  },
  "mesh": {
    "Tetra": 1536,
    "vertices": 425
  },
  "Time": {
    "frame": 240,
    "time": 29.8502,
    "dt": 0.133413,
    "fixed_Time": 4,
    "fixed_dt": 0.0166667
  },
  "vtk_file": "assets/Torsion_Tetra_16_4_4.vtk",
  "XPBD_FEM_Dynamic": {
    "mean_cost": 61.5455,
    "material": "Stable Neo-Hooke",
    "poisson": 0.4,
    "young": 100000,
    "iteration": 1,
    "sub_itetrations": 50,
    "density": 1000
  }
}