{
  "flexion_error": {
    "rot_max": 180,
    "beam_lenght": 4,
    "distance": [ 0, 0.125, 0.25, 0.375, 0.5, 0.625, 0.75, 0.875, 1, 0.0625, 0.1875, 0.3125, 0.4375, 0.5625, 0.6875, 0.8125, 0.9375 ],
    "angles": [ 0, 21.9502, 44.886, 67.5761, 90.5565, 113.448, 135.741, 158.888, 180, 10.4815, 33.3332, 56.2291, 78.9748, 101.951, 124.468, 147.195, 169.574 ],
    "errors": [ 0, 0.54978, 0.113983, 0.0760727, 0.556541, 0.948212, 0.741348, 1.38829, 1.52588e-05, 0.768542, 0.416821, 0.0208778, 0.224808, 0.700874, 0.718452, 0.945358, 0.823715 ]
  },
  "mesh": {
    "Tetra10": 192,
    "vertices": 425
  },
  "Time": {
    "frame": 240,
    "time": 12.3505,
    "dt": 0.0512294,
    "fixed_Time": 4,
    "fixed_dt": 0.0166667
  },
  "vtk_file": "assets/Torsion_Tetra10_8_2_2.vtk",
  "XPBD_FEM_Dynamic": {
    "mean_cost": 24.4519,
    "material": "Stable Neo-Hooke",
    "poisson": 0.4,
    "young": 100000,
    "iteration": 1,
    "sub_itetrations": 50,
    "density": 1000
  }
}