{
  "flexion_error": {
    "rot_max": 180,
    "beam_lenght": 4,
    "distance": [ 0, 0.0625, 0.125, 0.1875, 0.25, 0.3125, 0.375, 0.4375, 0.5, 0.5625, 0.625, 0.6875, 0.75, 0.8125, 0.875, 0.9375, 1 ],
    "angles": [ 0, 10.0298, 21.8329, 33.3434, 44.7807, 56.1833, 67.409, 78.8437, 90.1837, 101.489, 112.755, 124.034, 135.355, 146.665, 158.18, 170.06, 180 ],
    "errors": [ 0, 1.22024, 0.667147, 0.406639, 0.21928, 0.0667267, 0.0909805, 0.0936508, 0.183723, 0.238647, 0.25531, 0.283775, 0.355026, 0.415344, 0.680084, 1.31007, 1.52588e-05 ]
  },
  "mesh": {
    "Hexa": 256,
    "vertices": 425
  },
  "Time": {
    "frame": 240,
    "time": 17.6874,
    "dt": 0.070468,
    "fixed_Time": 4,
    "fixed_dt": 0.0166667
  },
  "vtk_file": "assets/Torsion_Hexa_16_4_4.vtk",
  "XPBD_FEM_Dynamic": {
    "mean_cost": 35.979,
    "material": "Stable Neo-Hooke",
    "poisson": 0.4,
    "young": 100000,
    "iteration": 1,
    "sub_itetrations": 50,
    "density": 1000
  }
}